Date,Name,Year,Letterboxd URI
2020-04-26,Lady Bird,2017,https://boxd.it/dGNE
2020-04-26,Columbus,2017,https://boxd.it/eCuA
2020-04-26,Let the Corpses Tan,2017,https://boxd.it/eWSs
2020-04-26,Days of Heaven,1978,https://boxd.it/1JRg
2020-04-26,Sleep Has Her House,2017,https://boxd.it/fljC
2020-04-26,Heaven Knows What,2014,https://boxd.it/8P1a
2020-04-26,Stalker,1979,https://boxd.it/28PO
2020-04-26,Tropical Malady,2004,https://boxd.it/1TCA
2020-04-26,mother!,2017,https://boxd.it/dgRU
2020-04-26,House of Tolerance,2011,https://boxd.it/2Yjq
2020-04-26,Cemetery of Splendor,2015,https://boxd.it/9tIo
2020-04-26,The Wild Goose Lake,2019,https://boxd.it/l8bs
2020-04-28,Beyond the Black Rainbow,2010,https://boxd.it/EzY
2020-04-28,Upstream Color,2013,https://boxd.it/4Cwc
2020-05-01,The Monster,2016,https://boxd.it/bjlo
2020-05-04,Blind Chance,1987,https://boxd.it/2b4G
2020-05-04,Pan's Labyrinth,2006,https://boxd.it/28No
2020-05-11,A Serious Man,2009,https://boxd.it/1RFW
2020-05-11,Swallow,2019,https://boxd.it/lA0i
2020-05-11,Mandy,2018,https://boxd.it/gtti
2020-05-11,The Assistant,2019,https://boxd.it/neWo
2020-05-11,Dogtooth,2009,https://boxd.it/158K
2020-05-11,Side Effects,2013,https://boxd.it/3GA6
2020-05-11,A Prayer Before Dawn,2017,https://boxd.it/fZ9i
2020-06-13,Peninsula,2020,https://boxd.it/lnrU
2020-06-13,Yi Yi,2000,https://boxd.it/1vCw
2020-06-13,HyperNormalisation,2016,https://boxd.it/eOGy
2020-06-13,Simon Killer,2012,https://boxd.it/2Y2O
2020-06-13,Last and First Men,2020,https://boxd.it/kKi0
2020-06-16,Shoplifters,2018,https://boxd.it/ifY6
2020-06-17,The Vast of Night,2019,https://boxd.it/kJyc
2020-06-17,Horse Girl,2020,https://boxd.it/oioi
2020-06-17,On the Silver Globe,1988,https://boxd.it/1sAM
2020-06-17,Blade Runner 2049,2017,https://boxd.it/b8wK
2020-06-17,Time,2006,https://boxd.it/1voO
2020-06-17,I Killed My Mother,2009,https://boxd.it/1ubO
2020-06-20,The Hills Have Eyes,1977,https://boxd.it/1Sa6
2020-06-22,The Cable Guy,1996,https://boxd.it/1XAI
2020-06-22,Leviathan,2012,https://boxd.it/4bBO
2020-06-22,5 Centimeters per Second,2007,https://boxd.it/16G4
2020-06-22,Requiem for a Dream,2000,https://boxd.it/29VI
2020-06-22,Starfish,2018,https://boxd.it/jNmW
2020-06-22,Still Life,1974,https://boxd.it/6mO4
2020-06-23,"Salò, or the 120 Days of Sodom",1975,https://boxd.it/237s
2020-06-23,The Tribe,2014,https://boxd.it/8aqe
2020-06-23,Suicide Club,2001,https://boxd.it/1RkY
2020-06-23,The Reflecting Skin,1990,https://boxd.it/1CkY
2020-06-23,Into the Abyss,2011,https://boxd.it/2G0g
2020-06-23,Eureka,2000,https://boxd.it/16TC
2020-06-23,Pulse,2001,https://boxd.it/1s3y
2020-06-23,Spider,2002,https://boxd.it/1YeI
2020-06-23,Sleep,2020,https://boxd.it/q9aA
2020-06-23,We Are Still Here,2015,https://boxd.it/97TY
2020-06-23,I See You,2019,https://boxd.it/j2CS
2020-06-23,Mr. Jones,2013,https://boxd.it/5mUO
2020-06-24,The Lost Boys,1987,https://boxd.it/28DI
2020-06-26,Don't Let Him In,2011,https://boxd.it/2qv8
2020-06-26,Let Us Prey,2014,https://boxd.it/8pVm
2020-06-26,The Lodgers,2017,https://boxd.it/fdEM
2020-06-28,The Editor,2014,https://boxd.it/8RfI
2020-06-28,Permanent Green Light,2018,https://boxd.it/i1mi
2020-06-28,Mother,2009,https://boxd.it/1m9g
2020-06-28,Seoul Station,2016,https://boxd.it/dBYs
2020-06-28,Slaughterhouse-Five,1972,https://boxd.it/1xrU
2020-06-29,Nosferatu the Vampyre,1979,https://boxd.it/21J0
2020-06-30,Underwater,2020,https://boxd.it/fN4q
2020-06-30,The Discreet Charm of the Bourgeoisie,1972,https://boxd.it/2440
2020-06-30,Life,2017,https://boxd.it/dRqG
2020-06-30,Vampyr,1932,https://boxd.it/29DY
2020-06-30,But I'm a Cheerleader,1999,https://boxd.it/1CW4
2020-06-30,Border,2018,https://boxd.it/iMbG
2020-07-02,Tales from the Crypt: Demon Knight,1995,https://boxd.it/1ZgK
2020-07-02,Bringing Out the Dead,1999,https://boxd.it/1ZZK
2020-07-05,Contact,1997,https://boxd.it/29OM
2020-07-06,Shallow Grave,1994,https://boxd.it/1XyW
2020-07-06,The Last House on the Left,2009,https://boxd.it/1H2q
2020-07-06,Scare Package,2019,https://boxd.it/nCsM
2020-07-06,"Grow Up, Tony Phillips",2013,https://boxd.it/5jis
2020-07-06,The McPherson Tape,1989,https://boxd.it/68K8
2020-07-08,Pontypool,2008,https://boxd.it/1yBw
2020-07-18,Shelley,2016,https://boxd.it/dieq
2020-07-18,Long Day's Journey into Night,2018,https://boxd.it/hw1I
2020-07-21,Jacob's Ladder,1990,https://boxd.it/270g
2020-07-21,Lost Highway,1997,https://boxd.it/29Wc
2020-07-21,The Neon Demon,2016,https://boxd.it/9AnW
2020-07-22,Eyes Wide Shut,1999,https://boxd.it/2axs
2020-07-22,2046,2004,https://boxd.it/29tu
2020-07-22,Vagabond,1985,https://boxd.it/T0u
2020-07-22,Solaris,1972,https://boxd.it/2a2Y
2020-07-22,Prince of Darkness,1987,https://boxd.it/1ZKq
2020-07-22,First Reformed,2017,https://boxd.it/go9C
2020-07-22,Secret Sunshine,2007,https://boxd.it/27CY
2020-07-22,Angst,1983,https://boxd.it/1G46
2020-07-22,The Life and Death of a Porno Gang,2009,https://boxd.it/oRW
2020-07-22,The Fifth Season,2012,https://boxd.it/4460
2020-07-22,'Til Madness Do Us Part,2013,https://boxd.it/6oFS
2020-07-22,Dear Ex,2018,https://boxd.it/j1XK
2020-07-22,M,1931,https://boxd.it/29vq
2020-07-22,A Chinese Ghost Story,1987,https://boxd.it/1lmI
2020-07-22,Ring,1998,https://boxd.it/26tw
2020-07-24,Peeping Tom,1960,https://boxd.it/1Utk
2020-08-10,Satan's Slaves,2017,https://boxd.it/gJ1E
2020-08-10,Invasion of the Body Snatchers,1978,https://boxd.it/1SWk
2020-08-10,The Third Hand,2019,https://boxd.it/oxG2
2020-08-10,Public Access,1993,https://boxd.it/2F9G
2020-08-10,The Mangler,1995,https://boxd.it/1PU6
2020-08-10,The Woman Who Ran,2020,https://boxd.it/oEEi
2020-08-10,Infernal Affairs,2002,https://boxd.it/1Vqw
2020-08-10,After My Death,2017,https://boxd.it/hoj0
2020-08-10,The Face of Another,1966,https://boxd.it/1nso
2020-08-17,Happy Birthday to Me,1981,https://boxd.it/179U
2020-08-22,Becky,2020,https://boxd.it/mcOg
2020-09-08,Antlers,2021,https://boxd.it/iI50
2020-09-08,A Head Full of Ghosts,,https://boxd.it/ifWE
2020-09-08,Inland Empire,2006,https://boxd.it/28d6
2020-09-11,Room 55,2014,https://boxd.it/nfMu
2020-09-14,"Synecdoche, New York",2008,https://boxd.it/23zw
2020-10-06,Inferno,1980,https://boxd.it/1KbK
2020-10-06,Everything & Everything & Everything,2014,https://boxd.it/97Zs
2020-10-09,Don't Breathe,2016,https://boxd.it/9yzw
2020-10-09,Ratcatcher,1999,https://boxd.it/1mSg
2020-10-14,A Girl Walks Home Alone at Night,2014,https://boxd.it/7nZE
2020-10-17,Eggshells,1969,https://boxd.it/39Jk
2020-10-17,Enemy,2013,https://boxd.it/5xtO
2020-10-17,Blood for Dracula,1974,https://boxd.it/1uNe
2020-10-17,The Brood,1979,https://boxd.it/1ovS
2020-10-17,The Devils,1971,https://boxd.it/1inI
2020-10-17,The Perfume of the Lady in Black,1974,https://boxd.it/3W2
2020-10-22,Mockingbird,2014,https://boxd.it/931S
2020-11-05,Please Speak Continuously and Describe Your Experiences as They Come to You,2019,https://boxd.it/m00S
2020-11-05,Antiviral,2012,https://boxd.it/475Y
2020-11-12,The Town that Dreaded Sundown,2014,https://boxd.it/8UuQ
2020-11-28,Strange Days,1995,https://boxd.it/2aGO
2020-11-30,Mr. Nobody,2009,https://boxd.it/1k44
2020-12-15,Nomadland,2020,https://boxd.it/lnRy
2020-12-16,Black Death,2010,https://boxd.it/ZUI
2020-12-19,A Sun,2019,https://boxd.it/n3uo
2020-12-25,Rakka,2017,https://boxd.it/gvZK
2020-12-25,The Seventh Seal,1957,https://boxd.it/2ahO
2020-12-25,An Elephant Sitting Still,2018,https://boxd.it/i1EQ
2020-12-25,Falling,2020,https://boxd.it/khy4
2020-12-25,Corpus Christi,2019,https://boxd.it/gULy
2020-12-25,Braindead,1992,https://boxd.it/29Gy
2020-12-26,The Zero Theorem,2013,https://boxd.it/4WDW
2020-12-27,Doctor Butcher M.D.,1980,https://boxd.it/217U
2020-12-27,A Ghost Story,2017,https://boxd.it/fb0K
2021-01-27,Cure,1997,https://boxd.it/1blA
2021-02-02,Demonic,2021,https://boxd.it/t4VC
2021-02-10,On the Count of Three,2021,https://boxd.it/tbfI
2021-02-13,Godzilla: King of the Monsters,2019,https://boxd.it/cY7Y
2021-02-20,Mirror,1975,https://boxd.it/28Q8
2021-02-20,Greed,1924,https://boxd.it/28Pa
2021-02-20,Heat,1995,https://boxd.it/2bg8
2021-02-20,Platform,2000,https://boxd.it/2O0S
2021-02-20,The White Ribbon,2009,https://boxd.it/17eU
2021-02-20,Punch-Drunk Love,2002,https://boxd.it/20E4
2021-02-20,Dead Ringers,1988,https://boxd.it/1Yqk
2021-02-23,"Alice, Sweet Alice",1976,https://boxd.it/1yP4
2021-02-25,True Romance,1993,https://boxd.it/2aBa
2021-02-25,Four Rooms,1995,https://boxd.it/73g
2021-02-25,Pulp Fiction,1994,https://boxd.it/29Pq
2021-03-01,Dogville,2003,https://boxd.it/2a8W
2021-03-01,Stay Out of the Attic,2021,https://boxd.it/tAF2
2021-03-01,Fright Night,1985,https://boxd.it/1T4e
2021-03-02,"The Cook, the Thief, His Wife & Her Lover",1989,https://boxd.it/20VO
2021-03-02,Girl in the Box,2016,https://boxd.it/ezOW
2021-03-02,Tusk,2014,https://boxd.it/7eoa
2021-03-06,Maurice,1987,https://boxd.it/1tZy
2021-04-02,The Letter Room,2020,https://boxd.it/sEN8
2021-04-07,Nobody,2021,https://boxd.it/mLqS
2021-04-09,Mainstream,2020,https://boxd.it/kpDc
2021-04-09,Dread,2009,https://boxd.it/1tA4
2021-04-11,Witness Infection,2020,https://boxd.it/qvWc
2021-04-11,The Believer,2021,https://boxd.it/usJC
2021-04-11,The Power,2021,https://boxd.it/sA5Q
2021-04-11,Held,2020,https://boxd.it/rX6g
2021-04-11,The Banishing,2020,https://boxd.it/l3Pi
2021-04-11,Boys from County Hell,2020,https://boxd.it/pnVS
2021-04-18,The Loved Ones,2009,https://boxd.it/NdC
2021-04-18,The Perfect Host,2010,https://boxd.it/8QI
2021-04-18,Marrowbone,2017,https://boxd.it/dZVC
2021-04-18,Burning,2018,https://boxd.it/hHUa
2021-04-18,Aimless Bullet,1961,https://boxd.it/2skQ
2021-04-18,Come and See,1985,https://boxd.it/1w9q
2021-04-18,Drive,2011,https://boxd.it/IG
2021-04-18,Lost in Translation,2003,https://boxd.it/2b0E
2021-04-19,The Third Man,1949,https://boxd.it/294E
2021-04-26,The Devil's Advocate,1997,https://boxd.it/286k
2021-05-04,Cry_Wolf,2005,https://boxd.it/1X6S
2021-05-07,The Queen of Black Magic,2019,https://boxd.it/lKHm
2021-05-08,Gerorisuto,1986,https://boxd.it/4LAW
2021-05-08,Porno,2019,https://boxd.it/l9vS
2021-05-08,Age Out,2018,https://boxd.it/ewBq
2021-05-16,The Goob,2014,https://boxd.it/91Hs
2021-06-01,Eden Lake,2008,https://boxd.it/1Q1m
2021-06-01,48 Hrs.,1982,https://boxd.it/2b18
2021-06-20,Dark City,1998,https://boxd.it/26uk
2021-07-23,The Chain,,https://boxd.it/qQD6
2021-07-23,Pig,2021,https://boxd.it/nzoW
2021-07-23,Old,2021,https://boxd.it/npKI
2021-07-23,Memoria,2021,https://boxd.it/iwtE
2021-07-23,Serial Mom,1994,https://boxd.it/1Tty
2021-07-23,Raw,2016,https://boxd.it/dLd2
2021-07-23,Vicious Fun,2020,https://boxd.it/riV8
2021-07-28,Lamb,2021,https://boxd.it/tFwE
2021-08-01,Pandorum,2009,https://boxd.it/1Eo4
2021-08-01,The Crow,1994,https://boxd.it/1Yxq
2021-08-02,Bad Samaritan,2018,https://boxd.it/gKFA
2021-08-07,Hellbender,2021,https://boxd.it/w1Im
2021-08-07,Stoker,2013,https://boxd.it/34S2
2021-08-15,Apocalypse Now,1979,https://boxd.it/6ZS
2021-08-31,Let's Scare Jessica to Death,1971,https://boxd.it/1KI0
2021-09-01,Daniel Isn't Real,2019,https://boxd.it/jAx8
2021-09-04,Daughter of the Nile,1987,https://boxd.it/3pU4
2021-09-07,Nosferatu,2024,https://boxd.it/f5eG
2021-10-09,Midnight,2021,https://boxd.it/nhSO
2021-10-11,Mindhunters,2004,https://boxd.it/1JTG
2021-10-13,The Dark Backward,1991,https://boxd.it/2hmG
2021-10-16,The Shrine,2010,https://boxd.it/JVg
2021-10-18,Safe,1995,https://boxd.it/1gKU
2021-10-18,River's Edge,1986,https://boxd.it/1C7q
2021-10-19,Identity,2003,https://boxd.it/26e2
2021-10-24,Tales That Witness Madness,1973,https://boxd.it/WPA
2021-10-24,Dracula Has Risen from the Grave,1968,https://boxd.it/1mHM
2021-10-26,Evil Dead Trap,1988,https://boxd.it/12CW
2021-11-10,"They Shoot Horses, Don't They?",1969,https://boxd.it/1q9u
2021-11-26,Nightmare at Shadow Woods,1987,https://boxd.it/1pSI
2021-12-05,Better Watch Out,2016,https://boxd.it/ekeO
2021-12-07,Beast,2017,https://boxd.it/gSOK
2021-12-07,Encounter,2021,https://boxd.it/rjGI
2021-12-07,Henry,2013,https://boxd.it/6ct6
2021-12-07,Keeping Up with the Joneses,2013,https://boxd.it/eWhm
2021-12-11,The Discovery,2017,https://boxd.it/d4gC
2021-12-11,Blackhat,2015,https://boxd.it/62Te
2021-12-13,Anything for Jackson,2020,https://boxd.it/rxQs
2021-12-26,The Onania Club,,https://boxd.it/fqmc
2021-12-28,Caché,2005,https://boxd.it/2amY
2021-12-28,The Gas Man,2014,https://boxd.it/ckRi
2021-12-29,For the Sake of Vicious,2020,https://boxd.it/r5vm
2021-12-29,The Feast,2021,https://boxd.it/tVpO
2021-12-29,Init!ation,2020,https://boxd.it/mANw
2022-01-07,Here Before,2021,https://boxd.it/oVbs
2022-01-26,Nasty,2015,https://boxd.it/eaSE
2022-02-18,Naked Lunch,1991,https://boxd.it/26ow
2022-02-18,House,1977,https://boxd.it/1vsm
2022-02-18,Baskın,2013,https://boxd.it/b24K
2022-03-05,You Won't Be Alone,2022,https://boxd.it/xjIG
2022-03-08,Deep Water,2022,https://boxd.it/mVHk
2022-03-08,Targets,1968,https://boxd.it/1Fbq
2022-03-08,The Town That Dreaded Sundown,1976,https://boxd.it/J3I
2022-03-09,Offseason,2021,https://boxd.it/tXsU
2022-03-15,The Sadness,2021,https://boxd.it/tcHe
2022-03-15,Ghostland,2018,https://boxd.it/h5Uw
2022-04-15,Cabin Fever 2: Spring Fever,2009,https://boxd.it/1oUI
2022-04-15,The Roost,2005,https://boxd.it/1rQY
2022-04-15,The House of the Devil,2009,https://boxd.it/1uIe
2022-04-18,After Midnight,2019,https://boxd.it/lAp8
2022-05-07,The Shout,1978,https://boxd.it/JcU
2022-05-07,The Girl Next Door,2007,https://boxd.it/1MoQ
2022-05-11,"Butcher, Baker, Nightmare Maker",1981,https://boxd.it/2f38
2022-05-11,Feast,2005,https://boxd.it/1Xag
2022-05-16,Repo Men,2010,https://boxd.it/1icK
2022-06-14,Crimson Peak,2015,https://boxd.it/62Ty
2022-06-19,The Fall,2019,https://boxd.it/nRTy
2022-06-19,Birth,2004,https://boxd.it/1VvQ
2022-06-23,Cosmopolis,2012,https://boxd.it/H4O
2022-06-28,The Eyes of My Mother,2016,https://boxd.it/cTd8
2022-07-10,Death Proof,2007,https://boxd.it/27GG
2022-07-25,Separation,2020,https://boxd.it/qnbi
2022-07-30,A Bay of Blood,1971,https://boxd.it/232i
2022-08-02,King Knight,2021,https://boxd.it/tfvq
2022-08-03,Decision to Leave,2022,https://boxd.it/qp9e
2022-08-16,Bleat,2022,https://boxd.it/s3fe
2022-09-08,Tiny Cinema,2022,https://boxd.it/yFEI
2022-09-08,House of Darkness,2022,https://boxd.it/zzlW
2022-09-08,Don't Worry Darling,2022,https://boxd.it/mViu
2022-09-10,Irreversible,2002,https://boxd.it/29as
2022-09-10,Marebito,2004,https://boxd.it/z5O
2022-09-10,Fat Girl,2001,https://boxd.it/2a6w
2022-09-10,Visitor Q,2001,https://boxd.it/24DE
2022-09-10,The Celebration,1998,https://boxd.it/2aCM
2022-09-11,Terrifier,2011,https://boxd.it/33N6
2022-09-23,The Changeling,1980,https://boxd.it/1PVy
2022-11-18,Enys Men,2022,https://boxd.it/rM0m
2022-11-25,Fracture,2007,https://boxd.it/220K
2022-12-09,Re-Animator,1985,https://boxd.it/28hM
2022-12-12,Chinatown,1974,https://boxd.it/29vU
2022-12-12,The Bye Bye Man,2017,https://boxd.it/9b2k
2022-12-18,Broadcast Signal Intrusion,2021,https://boxd.it/tVj2
2022-12-18,Fire of Love,2022,https://boxd.it/yoPY
2022-12-20,Incantation,2022,https://boxd.it/wFiI
2022-12-20,The Blackcoat's Daughter,2015,https://boxd.it/b2Km
2022-12-20,The Summoned,2022,https://boxd.it/AMNQ
2022-12-22,The Front Room,2024,https://boxd.it/CqKk
2022-12-30,Leatherface: The Texas Chainsaw Massacre III,1990,https://boxd.it/1wyK
2023-01-01,Midnight Kiss,2019,https://boxd.it/ohlW
2023-01-01,Jamie Marks Is Dead,2014,https://boxd.it/7bno
2023-01-01,Candy Land,2022,https://boxd.it/v9SW
2023-01-01,Landlocked,2021,https://boxd.it/xb8A
2023-01-01,There's Something Wrong with the Children,2023,https://boxd.it/xYzA
2023-01-01,Visions,2015,https://boxd.it/bVCi
2023-01-09,Unsane,2018,https://boxd.it/gKrS
2023-01-21,When I Consume You,2021,https://boxd.it/tGzY
2023-01-30,Skinamarink,2022,https://boxd.it/ByDO
2023-02-27,Manodrome,2023,https://boxd.it/vPiw
2023-03-02,Clock,2020,https://boxd.it/seAM
2023-03-08,Hosts,2020,https://boxd.it/rI6q
2023-03-25,Godless: The Eastfield Exorcism,2023,https://boxd.it/F9Ae
2023-03-25,Nefarious,2023,https://boxd.it/yoHU
2023-04-24,I Should Have Run,2017,https://boxd.it/hnXo
2023-05-05,Come True,2020,https://boxd.it/iG90
2023-05-06,Swallowed,2022,https://boxd.it/w9xG
2023-05-06,The Cabinet of Dr. Caligari,1920,https://boxd.it/2aOo
2023-05-06,Meshes of the Afternoon,1943,https://boxd.it/1sEE
2023-05-06,Vertigo,1958,https://boxd.it/2apI
2023-05-06,Imprint,2006,https://boxd.it/al6e
2023-05-07,Funny Games,1997,https://boxd.it/1WKM
2023-05-07,The Piano Teacher,2001,https://boxd.it/2886
2023-05-28,Life Is Sweet,1990,https://boxd.it/19GQ
2023-05-30,The Prowler,1981,https://boxd.it/Sr0
2023-05-30,Leaving D.C.,2013,https://boxd.it/eA70
2023-06-03,Timecrimes,2007,https://boxd.it/1OGM
2023-06-04,Prospect,2018,https://boxd.it/iijg
2023-06-06,Hypochondriac,2022,https://boxd.it/yuco
2023-06-19,Blood and Black Lace,1964,https://boxd.it/1qme
2023-06-19,Opera,1987,https://boxd.it/1E2M
2023-07-05,Wristcutters: A Love Story,2006,https://boxd.it/1QBY
2023-07-05,You're Next,2011,https://boxd.it/2WWK
2023-07-09,Night of the Creeps,1986,https://boxd.it/1LzI
2023-07-14,Sanctimony,2000,https://boxd.it/1k5G
2023-07-14,Rampage,2009,https://boxd.it/15dg
2023-07-15,To Fire You Come at Last,2023,https://boxd.it/GZbM
2023-07-15,"The Thing: 27,000 Hours",2011,https://boxd.it/joOw
2023-07-15,We Always Find Ourselves in the Sea,2017,https://boxd.it/hEPc
2023-07-15,The Devil's Business,2011,https://boxd.it/3vms
2023-07-15,Little Deaths,2011,https://boxd.it/1M0
2023-07-15,The Ghost Train,1941,https://boxd.it/1n6i
2023-07-18,Dragged Across Concrete,2018,https://boxd.it/fAly
2023-07-18,A Classic Horror Story,2021,https://boxd.it/sRY4
2023-07-23,Butchers,2020,https://boxd.it/qYx6
2023-07-23,Crook,2013,https://boxd.it/6G8i
2023-07-23,The Night Stalker,2016,https://boxd.it/bAJ8
2023-08-08,Bug,2006,https://boxd.it/1RN2
2023-08-08,Killer Joe,2011,https://boxd.it/2vtQ
2023-08-11,Outpost,2022,https://boxd.it/w2a6
2023-08-17,The Day the Earth Caught Fire,1961,https://boxd.it/1pC6
2023-08-23,Haunting of the Queen Mary,2023,https://boxd.it/ATkQ
2023-08-28,Light Sleeper,1992,https://boxd.it/1aKa
2023-08-28,House of 9,2005,https://boxd.it/1FyE
2023-08-29,Nightbreed,1990,https://boxd.it/1Dq4
2023-09-03,The Palace,2023,https://boxd.it/v2Vu
2023-09-03,The Prisoner,1955,https://boxd.it/xXO
2023-09-13,Capricorn One,1977,https://boxd.it/1SJq
2023-10-13,Secret in Their Eyes,2015,https://boxd.it/96zo
2023-10-19,Absentia,2011,https://boxd.it/2yWw
2023-10-19,House of Usher,1960,https://boxd.it/1zcW
2023-10-19,The Masque of the Red Death,1964,https://boxd.it/1w12
2023-10-21,Anatomy of a Fall,2023,https://boxd.it/yuDE
2023-10-24,The Legend of Hell House,1973,https://boxd.it/1KEs
2023-11-03,From Beyond,1986,https://boxd.it/1NXi
2023-11-05,Hell House LLC III: Lake of Fire,2019,https://boxd.it/mJu4
2023-11-06,Apples,2020,https://boxd.it/ofco
2023-11-07,Eileen,2023,https://boxd.it/oJcS
2023-11-09,The Third Saturday in October,2022,https://boxd.it/AAL4
2023-11-09,The Return of the Texas Chainsaw Massacre,1995,https://boxd.it/1JH6
2023-11-09,FleshEater,1988,https://boxd.it/19HO
2023-11-26,Butterfly Kisses,2018,https://boxd.it/hgWo
2023-11-29,Face/Off,1997,https://boxd.it/29I0
2023-11-29,The Strangers: Prey at Night,2018,https://boxd.it/cTfe
2023-12-03,Sometimes I Think About Dying,2023,https://boxd.it/xGlg
2023-12-05,Cannibals and Carpet Fitters,2017,https://boxd.it/iwta
2023-12-12,Leatherface,2017,https://boxd.it/9yyS
2023-12-12,FearDotCom,2002,https://boxd.it/1YpG
2023-12-12,The Iceman,2012,https://boxd.it/2co8
2023-12-13,Primal Fear,1996,https://boxd.it/28ws
2023-12-16,Timecop,1994,https://boxd.it/1ZNO
2023-12-18,In the Mood for Love,2000,https://boxd.it/29tE
2023-12-18,Chungking Express,1994,https://boxd.it/1UDa
2023-12-25,Ravenous,1999,https://boxd.it/1WOa
2023-12-25,The Batman - Part II,2026,https://boxd.it/umDy
2023-12-27,The Stylist,2020,https://boxd.it/rPHy
2023-12-29,The Innocents,1961,https://boxd.it/1KeY
2023-12-31,After Hours,1985,https://boxd.it/1VfS
2024-01-03,The Golden Glove,2019,https://boxd.it/ih9k
2024-01-03,Carol,2015,https://boxd.it/7DPK
2024-01-03,Human Traffic,1999,https://boxd.it/1Uz8
2024-01-03,Lights Out,2016,https://boxd.it/bAHc
2024-01-12,Things Will Be Different,2024,https://boxd.it/KANO
2024-01-29,North by Northwest,1959,https://boxd.it/2aRM
2024-02-16,Hidden,2015,https://boxd.it/cgpY
2024-03-10,Plainclothes,2025,https://boxd.it/LP4Q
2024-03-15,The Hunted,2003,https://boxd.it/1VM8
2024-03-15,Fear and Loathing in Las Vegas,1998,https://boxd.it/27Xs
2024-03-15,Sicario,2015,https://boxd.it/8i7u
2024-04-11,Humanist Vampire Seeking Consenting Suicidal Person,2023,https://boxd.it/Blzk
2024-04-12,Welcome to Sarajevo,1997,https://boxd.it/1N8E
2024-04-17,King of New York,1990,https://boxd.it/1Ynq
2024-04-27,Death Sentence,2007,https://boxd.it/1SYA
2024-04-27,Saw,2003,https://boxd.it/7eiG
2024-04-27,Dead Silence,2007,https://boxd.it/1OWK
2024-04-29,Land of the Dead,2005,https://boxd.it/1Tfm
2024-04-30,The Resurrected,1991,https://boxd.it/1kMq
2024-05-01,Zombies,2019,https://boxd.it/mwtM
2024-05-01,Ghostwatch,1992,https://boxd.it/MIO
2024-05-07,American History X,1998,https://boxd.it/2bdo
2024-05-07,Mysterious Skin,2004,https://boxd.it/1UsG
2024-05-07,The Haunting,1963,https://boxd.it/1T7M
2024-05-08,The Line of Beauty,2006,https://boxd.it/HpGc
2024-05-08,The Ticket,2016,https://boxd.it/b2Kc
2024-05-11,Behind the Mask: The Rise of Leslie Vernon,2006,https://boxd.it/1UYi
2024-05-12,Incendies,2010,https://boxd.it/Msm
2024-05-12,Thanksgiving 2,,https://boxd.it/JYRI
2024-05-12,Captivity,2007,https://boxd.it/1OII
2024-05-21,Queer,2024,https://boxd.it/E4RW
2024-05-21,Wolf Man,2025,https://boxd.it/qzSI
2024-05-26,Armand,2024,https://boxd.it/HhtO
2024-05-28,Night School,1981,https://boxd.it/v14
2024-05-29,Clown,2010,https://boxd.it/kNbG
2024-06-02,Aftersun,2022,https://boxd.it/Arw0
2024-06-02,Leave No Trace,2018,https://boxd.it/fMfM
2024-06-03,Aftermath,1994,https://boxd.it/1k2C
2024-06-06,Starve Acre,2023,https://boxd.it/zahU
2024-06-08,Dead Bodies,2003,https://boxd.it/b8
2024-06-08,Trim Season,2023,https://boxd.it/FoKo
2024-06-08,The Faculty,1998,https://boxd.it/1Z5C
2024-06-13,Upon Entry,2022,https://boxd.it/DMP4
2024-06-18,Handling the Undead,2024,https://boxd.it/CBvq
2024-06-22,A Short Film About Killing,1988,https://boxd.it/1VtK
2024-06-22,What Have I Done to Deserve This?,1984,https://boxd.it/20t6
2024-06-24,The Widower,2014,https://boxd.it/bsZC
2024-06-24,Ms .45,1981,https://boxd.it/1AWG
2024-06-25,The Monkey,2025,https://boxd.it/Gwiu
2024-06-28,Closet Monster,2015,https://boxd.it/bU3c
2024-06-29,As You Are,2016,https://boxd.it/cSSk
2024-06-29,Night Train,2007,https://boxd.it/1IOg
2024-07-09,Argo,2012,https://boxd.it/2czU
2024-07-11,Stripped to Kill,1987,https://boxd.it/1qXO
2024-07-11,Knife+Heart,2018,https://boxd.it/h5ko
2024-07-16,Angel-A,2005,https://boxd.it/1UjO
2024-07-16,Exotica,1994,https://boxd.it/1DXW
2024-07-21,The Haunting,1999,https://boxd.it/1Tpw
2024-07-23,Only Lovers Left Alive,2013,https://boxd.it/4O1U
2024-07-27,La Haine,1995,https://boxd.it/2as8
2024-07-27,Lilya 4-ever,2002,https://boxd.it/1SyW
2024-07-30,Lore,2023,https://boxd.it/HGHQ
2024-08-06,The Devil,1972,https://boxd.it/3iRC
2024-08-15,The Producers,1967,https://boxd.it/1lMm
2024-09-17,Red Rooms,2023,https://boxd.it/ym4c
2024-09-17,Look Into My Eyes,2024,https://boxd.it/zTVU
2024-09-17,Hoard,2023,https://boxd.it/BDGo
2024-09-17,The Paragon,2023,https://boxd.it/H0PI
2024-09-19,MadS,2024,https://boxd.it/M8qQ
2024-09-22,Revenge,2017,https://boxd.it/gL9g
2024-10-19,Sleepers,1996,https://boxd.it/29xw
2024-10-21,The Ditch,2010,https://boxd.it/3cy0
2024-10-26,A Single Man,2009,https://boxd.it/1dx4
2024-11-16,Interview with the Vampire,1994,https://boxd.it/29XO
2024-12-06,Cape Fear,1991,https://boxd.it/28vu
2024-12-12,The Ritual,2025,https://boxd.it/MMUQ
2024-12-12,Werewolves,2024,https://boxd.it/ADPo
2024-12-14,Mudbrick,2023,https://boxd.it/ILz0
2024-12-17,The Blues Brothers,1980,https://boxd.it/2adi
2024-12-17,Twilight Zone: The Movie,1983,https://boxd.it/1Mtw
